<?xml version="1.0" encoding="UTF-8"?>
<extentreports>
    <configuration>
        <!-- report theme -->
        <!-- standard, dark -->
        <theme>standard</theme>
    
        <!-- document encoding -->
        <!-- defaults to UTF-8 -->
        <encoding>UTF-8</encoding>
        
        <!-- protocol for script and stylesheets -->
        <!-- defaults to https -->
        <protocol>https</protocol>
        
        <!-- title of the document -->
        <documentTitle>>Automation-Report</documentTitle>
        
        <!-- report name - displayed at top-nav -->
        <reportName>Automation Report</reportName>
        
        <!--global date format overrride --><!-- defaults to yyyy-mm-dd  -->
        <dateFormat>yyyy-mm-dd</dateFormat>
        
        <!--global time format overrride --><!-- defaults to HH:mm:ss  -->
        <timeFormat>HH:MM:SS</timeFormat>
        
        <!-- custom javascript -->
        <scripts>
            <![CDATA[
                $(document).ready(function() {
                    
                });
            ]]>
        </scripts>
        
        <!-- custom styles -->
        <styles>
            <![CDATA[
                
            ]]>
        </styles>
    </configuration>
</extentreports>